{
  "vehs": [
    {
      "model": "issi2",
      "pos": {
        "x": -600.22265625,
        "y": 200.58538818359375,
        "z": 71.39015197753906
      },
      "heading": -175.73719787597656,
      "color": [
        [
          20,
          150,
          0
        ],
        [
          20,
          150,
          0
        ]
      ]
    },
    {
      "model": "issi2",
      "pos": {
        "x": -588.537353515625,
        "y": 191.35211181640625,
        "z": 71.30072021484375
      },
      "heading": 90.86578369140625,
      "color": [
        [
          20,
          150,
          0
        ],
        [
          20,
          150,
          0
        ]
      ]
    }
  ]
}