{
  "leaflets": [
    {
      
 
      "pos": {
        "x": -795.9055786132812,
        "y": 309.5314025878906,
        "z": 85.70879364013672
      }
    },
    {
      "pos": {
        "x": -870.0403442382812,
        "y": 299.9456481933594,
        "z": 84.00045776367188
      }
    },
    {
      "pos": {
        "x":-743.1856689453125,
        "y": 190.6921844482422,
        "z": 74.06861114501953
      }
    }
  ]
}