{
 
  "vehs": [
    {
      "model": "trash",
      "pos": {
        "x": -451.0704345703125,
       
      
   
        "y": -1722.241455078125,
        "z": 18.66372299194336
      },
      "heading": -11.269660949707031,
      "color": [
        [
          20,
          150,
          0
        ],
        [
          20,
          150,
          0
        ]
      ]
    },
    {
      "model": "trash",
      "pos": {
        "x":-457.92401123046875,
        "y": -1721.964111328125,
        "z": 18.64763641357422
      },
      "heading": -23.450742721557617,
      "color": [
        [
          20,
          150,
          0
        ],
        [
          20,
          150,
          0
        ]
      ]
    },
    {
      "model": "trash",
      "pos": {
        "x": -464.88739013671875,
        "y": -1720.1046142578125,
        "z": 18.637676239013672
      },
      "heading": -48.8327751159668,
      "color": [
        [
          20,
          150,
          0
        ],
        [
          20,
          150,
          0
        ]
      ]
    },
    {
      "model": "trash",
      "pos": {
        "x": -456.84759521484375,
        "y": -1697.6807861328125,
        "z": 19.10926055908203
      },
      "heading": -132.03770446777344,
      "color": [
        [
          20,
          150,
          0
        ],
        [
          20,
          150,
          0
        ]
      ]
    }
  ]
  
}