{
  "trash": [
    {
      "pos": {
        "x": -343.0669860839844,
        "y": -1554.5904541015625,
        "z": 25.22872543334961
      }
    },
    {
      "pos": {
        "x": -151.7766571044922,
        "y": -1343.7174072265625,
        "z": 29.947528839111328
      }
    },
    {
      "pos": {
        "x": 144.95870971679688,
        "y": -1696.3287353515625,
        "z": 29.29168701171875
      }
    }
  ]
}